instant,dteday,season,yr,mnth,holiday,weekday,workingday,weathersit,temp,atemp,hum,windspeed,casual,registered,cnt
1,2011-01-01,Spring,2011,1,Non Holiday,Saturday,Non-Working Day,Mist,34,36,80,16,331,654,985
2,2011-01-02,Spring,2011,1,Non Holiday,Sunday,Non-Working Day,Mist,36,35,69,24,131,670,801
3,2011-01-03,Spring,2011,1,Non Holiday,Monday,Working Day,Clear,19,18,43,24,120,1229,1349
4,2011-01-04,Spring,2011,1,Non Holiday,Tuesday,Working Day,Clear,20,21,59,16,108,1454,1562
5,2011-01-05,Spring,2011,1,Non Holiday,Wednesday,Working Day,Clear,22,22,43,18,82,1518,1600
6,2011-01-06,Spring,2011,1,Non Holiday,Thursday,Working Day,Clear,20,23,51,8,88,1518,1606
7,2011-01-07,Spring,2011,1,Non Holiday,Friday,Working Day,Mist,19,20,49,16,148,1362,1510
8,2011-01-08,Spring,2011,1,Non Holiday,Saturday,Non-Working Day,Mist,16,16,53,26,68,891,959
9,2011-01-09,Spring,2011,1,Non Holiday,Sunday,Non-Working Day,Clear,13,11,43,36,54,768,822
10,2011-01-10,Spring,2011,1,Non Holiday,Monday,Working Day,Clear,15,15,48,22,41,1280,1321
11,2011-01-11,Spring,2011,1,Non Holiday,Tuesday,Working Day,Mist,16,19,68,12,43,1220,1263
12,2011-01-12,Spring,2011,1,Non Holiday,Wednesday,Working Day,Clear,17,16,59,30,25,1137,1162
13,2011-01-13,Spring,2011,1,Non Holiday,Thursday,Working Day,Clear,16,15,47,30,38,1368,1406
14,2011-01-14,Spring,2011,1,Non Holiday,Friday,Working Day,Clear,16,18,53,12,54,1367,1421
15,2011-01-15,Spring,2011,1,Non Holiday,Saturday,Non-Working Day,Mist,23,24,49,15,222,1026,1248
16,2011-01-16,Spring,2011,1,Non Holiday,Sunday,Non-Working Day,Clear,23,23,48,18,251,953,1204
17,2011-01-17,Spring,2011,1,Holiday,Monday,Non-Working Day,Mist,17,17,53,19,117,883,1000
18,2011-01-18,Spring,2011,1,Non Holiday,Tuesday,Working Day,Mist,21,23,86,14,9,674,683
19,2011-01-19,Spring,2011,1,Non Holiday,Wednesday,Working Day,Mist,29,29,74,20,78,1572,1650
20,2011-01-20,Spring,2011,1,Non Holiday,Thursday,Working Day,Mist,26,25,53,19,83,1844,1927
21,2011-01-21,Spring,2011,1,Non Holiday,Friday,Working Day,Clear,17,15,45,35,75,1468,1543
22,2011-01-22,Spring,2011,1,Non Holiday,Saturday,Non-Working Day,Clear,5,7,40,17,93,888,981
23,2011-01-23,Spring,2011,1,Non Holiday,Sunday,Non-Working Day,Clear,9,9,43,24,150,836,986
24,2011-01-24,Spring,2011,1,Non Holiday,Monday,Working Day,Clear,9,11,49,15,86,1330,1416
25,2011-01-25,Spring,2011,1,Non Holiday,Tuesday,Working Day,Mist,22,23,61,12,186,1799,1985
26,2011-01-26,Spring,2011,1,Non Holiday,Wednesday,Working Day,Light Precipitation,21,20,86,29,34,472,506
27,2011-01-27,Spring,2011,1,Non Holiday,Thursday,Working Day,Clear,19,21,68,11,15,416,431
28,2011-01-28,Spring,2011,1,Non Holiday,Friday,Working Day,Mist,20,22,79,12,38,1129,1167
29,2011-01-29,Spring,2011,1,Non Holiday,Saturday,Non-Working Day,Clear,19,21,65,14,123,975,1098
30,2011-01-30,Spring,2011,1,Non Holiday,Sunday,Non-Working Day,Clear,21,25,72,7,140,956,1096
31,2011-01-31,Spring,2011,1,Non Holiday,Monday,Working Day,Mist,18,18,60,18,42,1459,1501
32,2011-02-01,Spring,2011,2,Non Holiday,Tuesday,Working Day,Mist,19,23,82,5,47,1313,1360
33,2011-02-02,Spring,2011,2,Non Holiday,Wednesday,Working Day,Mist,26,25,77,26,72,1454,1526
34,2011-02-03,Spring,2011,2,Non Holiday,Thursday,Working Day,Clear,18,17,43,27,61,1489,1550
35,2011-02-04,Spring,2011,2,Non Holiday,Friday,Working Day,Mist,21,22,58,12,88,1620,1708
36,2011-02-05,Spring,2011,2,Non Holiday,Saturday,Non-Working Day,Mist,23,24,92,16,100,905,1005
37,2011-02-06,Spring,2011,2,Non Holiday,Sunday,Non-Working Day,Clear,28,29,56,14,354,1269,1623
38,2011-02-07,Spring,2011,2,Non Holiday,Monday,Working Day,Clear,27,30,73,4,120,1592,1712
39,2011-02-08,Spring,2011,2,Non Holiday,Tuesday,Working Day,Clear,22,19,53,36,64,1466,1530
40,2011-02-09,Spring,2011,2,Non Holiday,Wednesday,Working Day,Mist,13,14,49,18,53,1552,1605
41,2011-02-10,Spring,2011,2,Non Holiday,Thursday,Working Day,Clear,14,14,43,22,47,1491,1538
42,2011-02-11,Spring,2011,2,Non Holiday,Friday,Working Day,Clear,18,21,50,10,149,1597,1746
43,2011-02-12,Spring,2011,2,Non Holiday,Saturday,Non-Working Day,Clear,22,23,54,20,288,1184,1472
44,2011-02-13,Spring,2011,2,Non Holiday,Sunday,Non-Working Day,Clear,31,32,45,26,397,1192,1589
45,2011-02-14,Spring,2011,2,Non Holiday,Monday,Working Day,Clear,41,39,37,41,208,1705,1913
46,2011-02-15,Spring,2011,2,Non Holiday,Tuesday,Working Day,Clear,26,25,31,29,140,1675,1815
47,2011-02-16,Spring,2011,2,Non Holiday,Wednesday,Working Day,Clear,31,31,42,25,218,1897,2115
48,2011-02-17,Spring,2011,2,Non Holiday,Thursday,Working Day,Clear,43,42,50,23,259,2216,2475
49,2011-02-18,Spring,2011,2,Non Holiday,Friday,Working Day,Clear,52,51,51,26,579,2348,2927
50,2011-02-19,Spring,2011,2,Non Holiday,Saturday,Non-Working Day,Clear,39,39,18,50,532,1103,1635
51,2011-02-20,Spring,2011,2,Non Holiday,Sunday,Non-Working Day,Clear,28,27,40,22,639,1173,1812
52,2011-02-21,Spring,2011,2,Holiday,Monday,Non-Working Day,Mist,30,28,60,30,195,912,1107
53,2011-02-22,Spring,2011,2,Non Holiday,Tuesday,Working Day,Clear,18,18,57,19,74,1376,1450
54,2011-02-23,Spring,2011,2,Non Holiday,Wednesday,Working Day,Clear,22,24,42,9,139,1778,1917
55,2011-02-24,Spring,2011,2,Non Holiday,Thursday,Working Day,Mist,29,28,69,25,100,1707,1807
56,2011-02-25,Spring,2011,2,Non Holiday,Friday,Working Day,Mist,36,35,71,34,120,1341,1461
57,2011-02-26,Spring,2011,2,Non Holiday,Saturday,Non-Working Day,Clear,28,28,53,18,424,1545,1969
58,2011-02-27,Spring,2011,2,Non Holiday,Sunday,Non-Working Day,Clear,34,35,68,12,694,1708,2402
59,2011-02-28,Spring,2011,2,Non Holiday,Monday,Working Day,Mist,40,40,87,28,81,1365,1446
60,2011-03-01,Spring,2011,3,Non Holiday,Tuesday,Working Day,Clear,26,26,53,21,137,1714,1851
61,2011-03-02,Spring,2011,3,Non Holiday,Wednesday,Working Day,Clear,33,32,44,30,231,1903,2134
62,2011-03-03,Spring,2011,3,Non Holiday,Thursday,Working Day,Clear,19,20,31,22,123,1562,1685
63,2011-03-04,Spring,2011,3,Non Holiday,Friday,Working Day,Mist,26,25,61,20,214,1730,1944
64,2011-03-05,Spring,2011,3,Non Holiday,Saturday,Non-Working Day,Mist,38,37,78,25,640,1437,2077
65,2011-03-06,Spring,2011,3,Non Holiday,Sunday,Non-Working Day,Mist,37,36,94,34,114,491,605
66,2011-03-07,Spring,2011,3,Non Holiday,Monday,Working Day,Clear,26,23,55,34,244,1628,1872
67,2011-03-08,Spring,2011,3,Non Holiday,Tuesday,Working Day,Clear,29,30,42,12,316,1817,2133
68,2011-03-09,Spring,2011,3,Non Holiday,Wednesday,Working Day,Mist,29,28,77,22,191,1700,1891
69,2011-03-10,Spring,2011,3,Non Holiday,Thursday,Working Day,Light Precipitation,38,38,0,26,46,577,623
70,2011-03-11,Spring,2011,3,Non Holiday,Friday,Working Day,Mist,31,30,64,23,247,1730,1977
71,2011-03-12,Spring,2011,3,Non Holiday,Saturday,Non-Working Day,Clear,32,32,59,22,724,1408,2132
72,2011-03-13,Spring,2011,3,Non Holiday,Sunday,Non-Working Day,Clear,38,38,52,27,982,1435,2417
73,2011-03-14,Spring,2011,3,Non Holiday,Monday,Working Day,Clear,32,33,49,13,359,1687,2046
74,2011-03-15,Spring,2011,3,Non Holiday,Tuesday,Working Day,Mist,31,31,65,18,289,1767,2056
75,2011-03-16,Spring,2011,3,Non Holiday,Wednesday,Working Day,Mist,36,36,77,20,321,1871,2192
76,2011-03-17,Spring,2011,3,Non Holiday,Thursday,Working Day,Clear,41,41,60,20,424,2320,2744
77,2011-03-18,Spring,2011,3,Non Holiday,Friday,Working Day,Clear,54,52,52,23,884,2355,3239
78,2011-03-19,Spring,2011,3,Non Holiday,Saturday,Non-Working Day,Clear,47,46,37,36,1424,1693,3117
79,2011-03-20,Spring,2011,3,Non Holiday,Sunday,Non-Working Day,Clear,33,32,47,20,1047,1424,2471
80,2011-03-21,Summer,2011,3,Non Holiday,Monday,Working Day,Mist,43,40,73,28,401,1676,2077
81,2011-03-22,Summer,2011,3,Non Holiday,Tuesday,Working Day,Clear,44,44,62,22,460,2243,2703
82,2011-03-23,Summer,2011,3,Non Holiday,Wednesday,Working Day,Mist,34,33,83,23,203,1918,2121
83,2011-03-24,Summer,2011,3,Non Holiday,Thursday,Working Day,Mist,28,27,80,24,166,1699,1865
84,2011-03-25,Summer,2011,3,Non Holiday,Friday,Working Day,Clear,26,25,49,23,300,1910,2210
85,2011-03-26,Summer,2011,3,Non Holiday,Saturday,Non-Working Day,Clear,26,25,39,20,981,1515,2496
86,2011-03-27,Summer,2011,3,Non Holiday,Sunday,Non-Working Day,Mist,25,25,49,18,472,1221,1693
87,2011-03-28,Summer,2011,3,Non Holiday,Monday,Working Day,Clear,26,25,30,21,222,1806,2028
88,2011-03-29,Summer,2011,3,Non Holiday,Tuesday,Working Day,Clear,30,29,31,22,317,2108,2425
89,2011-03-30,Summer,2011,3,Non Holiday,Wednesday,Working Day,Mist,30,29,64,17,168,1368,1536
90,2011-03-31,Summer,2011,3,Non Holiday,Thursday,Working Day,Light Precipitation,26,25,91,21,179,1506,1685
91,2011-04-01,Summer,2011,4,Non Holiday,Friday,Working Day,Mist,30,28,68,25,307,1920,2227
92,2011-04-02,Summer,2011,4,Non Holiday,Saturday,Non-Working Day,Mist,31,31,65,19,898,1354,2252
93,2011-04-03,Summer,2011,4,Non Holiday,Sunday,Non-Working Day,Clear,37,37,48,18,1651,1598,3249
94,2011-04-04,Summer,2011,4,Non Holiday,Monday,Working Day,Clear,57,54,42,38,734,2381,3115
95,2011-04-05,Summer,2011,4,Non Holiday,Tuesday,Working Day,Mist,41,39,64,38,167,1628,1795
96,2011-04-06,Summer,2011,4,Non Holiday,Wednesday,Working Day,Clear,39,38,47,26,413,2395,2808
97,2011-04-07,Summer,2011,4,Non Holiday,Thursday,Working Day,Clear,43,43,60,16,571,2570,3141
98,2011-04-08,Summer,2011,4,Non Holiday,Friday,Working Day,Mist,33,32,83,22,172,1299,1471
99,2011-04-09,Summer,2011,4,Non Holiday,Saturday,Non-Working Day,Mist,34,34,87,13,879,1576,2455
100,2011-04-10,Summer,2011,4,Non Holiday,Sunday,Non-Working Day,Mist,42,42,85,14,1188,1707,2895
101,2011-04-11,Summer,2011,4,Non Holiday,Monday,Working Day,Mist,59,56,71,32,855,2493,3348
102,2011-04-12,Summer,2011,4,Non Holiday,Tuesday,Working Day,Mist,50,49,73,27,257,1777,2034
103,2011-04-13,Summer,2011,4,Non Holiday,Wednesday,Working Day,Mist,41,41,81,25,209,1953,2162
104,2011-04-14,Summer,2011,4,Non Holiday,Thursday,Working Day,Clear,46,46,54,11,529,2738,3267
105,2011-04-15,Summer,2011,4,Holiday,Friday,Non-Working Day,Clear,44,44,67,22,642,2484,3126
106,2011-04-16,Summer,2011,4,Non Holiday,Saturday,Non-Working Day,Light Precipitation,43,42,88,34,121,674,795
107,2011-04-17,Summer,2011,4,Non Holiday,Sunday,Non-Working Day,Clear,45,44,47,30,1558,2186,3744
108,2011-04-18,Summer,2011,4,Non Holiday,Monday,Working Day,Clear,51,50,54,16,669,2760,3429
109,2011-04-19,Summer,2011,4,Non Holiday,Tuesday,Working Day,Mist,50,48,66,15,409,2795,3204
110,2011-04-20,Summer,2011,4,Non Holiday,Wednesday,Working Day,Clear,59,56,61,24,613,3331,3944
111,2011-04-21,Summer,2011,4,Non Holiday,Thursday,Working Day,Clear,45,45,40,32,745,3444,4189
112,2011-04-22,Summer,2011,4,Non Holiday,Friday,Working Day,Mist,33,32,72,21,177,1506,1683
113,2011-04-23,Summer,2011,4,Non Holiday,Saturday,Non-Working Day,Mist,46,45,88,23,1462,2574,4036
114,2011-04-24,Summer,2011,4,Non Holiday,Sunday,Non-Working Day,Mist,58,55,81,19,1710,2481,4191
115,2011-04-25,Summer,2011,4,Non Holiday,Monday,Working Day,Clear,60,57,77,18,773,3300,4073
116,2011-04-26,Summer,2011,4,Non Holiday,Tuesday,Working Day,Clear,63,59,72,32,678,3722,4400
117,2011-04-27,Summer,2011,4,Non Holiday,Wednesday,Working Day,Mist,62,57,83,31,547,3325,3872
118,2011-04-28,Summer,2011,4,Non Holiday,Thursday,Working Day,Mist,61,57,70,32,569,3489,4058
119,2011-04-29,Summer,2011,4,Non Holiday,Friday,Working Day,Clear,51,49,45,24,878,3717,4595
120,2011-04-30,Summer,2011,4,Non Holiday,Saturday,Non-Working Day,Clear,47,46,50,23,1965,3347,5312
121,2011-05-01,Summer,2011,5,Non Holiday,Sunday,Non-Working Day,Mist,45,44,76,10,1138,2213,3351
122,2011-05-02,Summer,2011,5,Non Holiday,Monday,Working Day,Mist,54,53,73,18,847,3554,4401
123,2011-05-03,Summer,2011,5,Non Holiday,Tuesday,Working Day,Mist,61,58,69,34,603,3848,4451
124,2011-05-04,Summer,2011,5,Non Holiday,Wednesday,Working Day,Mist,41,40,73,32,255,2378,2633
125,2011-05-05,Summer,2011,5,Non Holiday,Thursday,Working Day,Clear,45,44,44,29,614,3819,4433
126,2011-05-06,Summer,2011,5,Non Holiday,Friday,Working Day,Clear,47,47,59,22,894,3714,4608
127,2011-05-07,Summer,2011,5,Non Holiday,Saturday,Non-Working Day,Clear,52,51,54,16,1612,3102,4714
128,2011-05-08,Summer,2011,5,Non Holiday,Sunday,Non-Working Day,Clear,52,51,63,7,1401,2932,4333
129,2011-05-09,Summer,2011,5,Non Holiday,Monday,Working Day,Clear,53,52,58,17,664,3698,4362
130,2011-05-10,Summer,2011,5,Non Holiday,Tuesday,Working Day,Clear,53,52,48,11,694,4109,4803
131,2011-05-11,Summer,2011,5,Non Holiday,Wednesday,Working Day,Clear,54,52,63,12,550,3632,4182
132,2011-05-12,Summer,2011,5,Non Holiday,Thursday,Working Day,Clear,53,52,74,18,695,4169,4864
133,2011-05-13,Summer,2011,5,Non Holiday,Friday,Working Day,Mist,51,49,86,17,692,3413,4105
134,2011-05-14,Summer,2011,5,Non Holiday,Saturday,Non-Working Day,Mist,52,50,92,13,902,2507,3409
135,2011-05-15,Summer,2011,5,Non Holiday,Sunday,Non-Working Day,Mist,56,53,86,15,1582,2971,4553
136,2011-05-16,Summer,2011,5,Non Holiday,Monday,Working Day,Clear,57,55,78,12,773,3185,3958
137,2011-05-17,Summer,2011,5,Non Holiday,Tuesday,Working Day,Mist,56,53,83,27,678,3445,4123
138,2011-05-18,Summer,2011,5,Non Holiday,Wednesday,Working Day,Mist,55,52,87,20,536,3319,3855
139,2011-05-19,Summer,2011,5,Non Holiday,Thursday,Working Day,Mist,53,51,82,10,735,3840,4575
140,2011-05-20,Summer,2011,5,Non Holiday,Friday,Working Day,Clear,53,52,71,12,909,4008,4917
141,2011-05-21,Summer,2011,5,Non Holiday,Saturday,Non-Working Day,Clear,60,57,62,12,2258,3547,5805
142,2011-05-22,Summer,2011,5,Non Holiday,Sunday,Non-Working Day,Clear,60,57,74,14,1576,3084,4660
143,2011-05-23,Summer,2011,5,Non Holiday,Monday,Working Day,Mist,63,59,81,23,836,3438,4274
144,2011-05-24,Summer,2011,5,Non Holiday,Tuesday,Working Day,Mist,66,60,74,20,659,3833,4492
145,2011-05-25,Summer,2011,5,Non Holiday,Wednesday,Working Day,Clear,66,61,69,15,740,4238,4978
146,2011-05-26,Summer,2011,5,Non Holiday,Thursday,Working Day,Clear,70,65,67,19,758,3919,4677
147,2011-05-27,Summer,2011,5,Non Holiday,Friday,Working Day,Clear,68,63,65,24,871,3808,4679
148,2011-05-28,Summer,2011,5,Non Holiday,Saturday,Non-Working Day,Clear,65,61,72,23,2001,2757,4758
149,2011-05-29,Summer,2011,5,Non Holiday,Sunday,Non-Working Day,Clear,66,61,81,21,2355,2433,4788
150,2011-05-30,Summer,2011,5,Holiday,Monday,Non-Working Day,Clear,73,67,68,13,1549,2549,4098
151,2011-05-31,Summer,2011,5,Non Holiday,Tuesday,Working Day,Clear,77,72,63,11,673,3309,3982
152,2011-06-01,Summer,2011,6,Non Holiday,Wednesday,Working Day,Mist,76,72,67,20,513,3461,3974
153,2011-06-02,Summer,2011,6,Non Holiday,Thursday,Working Day,Clear,71,64,30,29,736,4232,4968
154,2011-06-03,Summer,2011,6,Non Holiday,Friday,Working Day,Clear,62,58,35,25,898,4414,5312
155,2011-06-04,Summer,2011,6,Non Holiday,Saturday,Non-Working Day,Clear,63,59,45,12,1869,3473,5342
156,2011-06-05,Summer,2011,6,Non Holiday,Sunday,Non-Working Day,Mist,64,61,65,13,1685,3221,4906
157,2011-06-06,Summer,2011,6,Non Holiday,Monday,Working Day,Clear,67,62,60,12,673,3875,4548
158,2011-06-07,Summer,2011,6,Non Holiday,Tuesday,Working Day,Clear,70,65,59,18,763,4070,4833
159,2011-06-08,Summer,2011,6,Non Holiday,Wednesday,Working Day,Clear,77,72,62,13,676,3725,4401
160,2011-06-09,Summer,2011,6,Non Holiday,Thursday,Working Day,Mist,80,75,56,14,563,3352,3915
161,2011-06-10,Summer,2011,6,Non Holiday,Friday,Working Day,Clear,75,70,60,14,815,3771,4586
162,2011-06-11,Summer,2011,6,Non Holiday,Saturday,Non-Working Day,Clear,72,67,65,15,1729,3237,4966
163,2011-06-12,Summer,2011,6,Non Holiday,Sunday,Non-Working Day,Clear,69,64,74,16,1467,2993,4460
164,2011-06-13,Summer,2011,6,Non Holiday,Monday,Working Day,Clear,63,60,49,30,863,4157,5020
165,2011-06-14,Summer,2011,6,Non Holiday,Tuesday,Working Day,Clear,60,59,50,26,727,4164,4891
166,2011-06-15,Summer,2011,6,Non Holiday,Wednesday,Working Day,Clear,62,58,47,16,769,4411,5180
167,2011-06-16,Summer,2011,6,Non Holiday,Thursday,Working Day,Mist,62,59,68,20,545,3222,3767
168,2011-06-17,Summer,2011,6,Non Holiday,Friday,Working Day,Clear,64,60,73,14,863,3981,4844
169,2011-06-18,Summer,2011,6,Non Holiday,Saturday,Non-Working Day,Clear,69,64,67,11,1807,3312,5119
170,2011-06-19,Summer,2011,6,Non Holiday,Sunday,Non-Working Day,Mist,69,64,66,10,1639,3105,4744
171,2011-06-20,Summer,2011,6,Non Holiday,Monday,Working Day,Mist,63,59,74,15,699,3311,4010
172,2011-06-21,Fall,2011,6,Non Holiday,Tuesday,Working Day,Mist,68,63,77,17,774,4061,4835
173,2011-06-22,Fall,2011,6,Non Holiday,Wednesday,Working Day,Clear,73,69,70,17,661,3846,4507
174,2011-06-23,Fall,2011,6,Non Holiday,Thursday,Working Day,Mist,72,69,70,23,746,4044,4790
175,2011-06-24,Fall,2011,6,Non Holiday,Friday,Working Day,Clear,72,65,57,22,969,4022,4991
176,2011-06-25,Fall,2011,6,Non Holiday,Saturday,Non-Working Day,Clear,69,64,48,20,1782,3420,5202
177,2011-06-26,Fall,2011,6,Non Holiday,Sunday,Non-Working Day,Clear,68,63,51,9,1920,3385,5305
178,2011-06-27,Fall,2011,6,Non Holiday,Monday,Working Day,Mist,68,63,65,10,854,3854,4708
179,2011-06-28,Fall,2011,6,Non Holiday,Tuesday,Working Day,Clear,74,69,63,14,732,3916,4648
180,2011-06-29,Fall,2011,6,Non Holiday,Wednesday,Working Day,Clear,72,65,49,26,848,4377,5225
181,2011-06-30,Fall,2011,6,Non Holiday,Thursday,Working Day,Clear,69,63,43,18,1027,4488,5515
182,2011-07-01,Fall,2011,7,Non Holiday,Friday,Working Day,Clear,72,65,39,10,1246,4116,5362
183,2011-07-02,Fall,2011,7,Non Holiday,Saturday,Non-Working Day,Clear,73,66,44,11,2204,2915,5119
184,2011-07-03,Fall,2011,7,Non Holiday,Sunday,Non-Working Day,Mist,71,66,68,22,2282,2367,4649
185,2011-07-04,Fall,2011,7,Holiday,Monday,Non-Working Day,Mist,72,66,63,8,3065,2978,6043
186,2011-07-05,Fall,2011,7,Non Holiday,Tuesday,Working Day,Clear,74,69,59,12,1031,3634,4665
187,2011-07-06,Fall,2011,7,Non Holiday,Wednesday,Working Day,Clear,72,68,74,14,784,3845,4629
188,2011-07-07,Fall,2011,7,Non Holiday,Thursday,Working Day,Clear,75,68,65,15,754,3838,4592
189,2011-07-08,Fall,2011,7,Non Holiday,Friday,Working Day,Mist,70,67,75,22,692,3348,4040
190,2011-07-09,Fall,2011,7,Non Holiday,Saturday,Non-Working Day,Clear,73,66,60,16,1988,3348,5336
191,2011-07-10,Fall,2011,7,Non Holiday,Sunday,Non-Working Day,Clear,74,69,57,18,1743,3138,4881
192,2011-07-11,Fall,2011,7,Non Holiday,Monday,Working Day,Clear,76,72,63,28,723,3363,4086
193,2011-07-12,Fall,2011,7,Non Holiday,Tuesday,Working Day,Clear,79,73,55,20,662,3596,4258
194,2011-07-13,Fall,2011,7,Non Holiday,Wednesday,Working Day,Clear,74,68,63,14,748,3594,4342
195,2011-07-14,Fall,2011,7,Non Holiday,Thursday,Working Day,Clear,68,63,47,24,888,4196,5084
196,2011-07-15,Fall,2011,7,Non Holiday,Friday,Working Day,Clear,66,62,59,18,1318,4220,5538
197,2011-07-16,Fall,2011,7,Non Holiday,Saturday,Non-Working Day,Clear,68,63,58,20,2418,3505,5923
198,2011-07-17,Fall,2011,7,Non Holiday,Sunday,Non-Working Day,Clear,71,66,60,24,2006,3296,5302
199,2011-07-18,Fall,2011,7,Non Holiday,Monday,Working Day,Clear,74,70,65,21,841,3617,4458
200,2011-07-19,Fall,2011,7,Non Holiday,Tuesday,Working Day,Clear,77,74,65,13,752,3789,4541
201,2011-07-20,Fall,2011,7,Non Holiday,Wednesday,Working Day,Clear,76,74,70,11,644,3688,4332
202,2011-07-21,Fall,2011,7,Non Holiday,Thursday,Working Day,Mist,81,82,69,22,632,3152,3784
203,2011-07-22,Fall,2011,7,Non Holiday,Friday,Working Day,Clear,84,84,58,13,562,2825,3387
204,2011-07-23,Fall,2011,7,Non Holiday,Saturday,Non-Working Day,Clear,84,80,50,13,987,2298,3285
205,2011-07-24,Fall,2011,7,Non Holiday,Sunday,Non-Working Day,Clear,83,79,55,16,1050,2556,3606
206,2011-07-25,Fall,2011,7,Non Holiday,Monday,Working Day,Clear,74,72,75,9,568,3272,3840
207,2011-07-26,Fall,2011,7,Non Holiday,Tuesday,Working Day,Clear,77,69,54,20,750,3840,4590
208,2011-07-27,Fall,2011,7,Non Holiday,Wednesday,Working Day,Clear,77,69,40,18,755,3901,4656
209,2011-07-28,Fall,2011,7,Non Holiday,Thursday,Working Day,Clear,77,73,58,17,606,3784,4390
210,2011-07-29,Fall,2011,7,Non Holiday,Friday,Working Day,Clear,83,78,54,17,670,3176,3846
211,2011-07-30,Fall,2011,7,Non Holiday,Saturday,Non-Working Day,Clear,80,72,46,16,1559,2916,4475
212,2011-07-31,Fall,2011,7,Non Holiday,Sunday,Non-Working Day,Clear,80,72,48,16,1524,2778,4302
213,2011-08-01,Fall,2011,8,Non Holiday,Monday,Working Day,Clear,77,70,55,15,729,3537,4266
214,2011-08-02,Fall,2011,8,Non Holiday,Tuesday,Working Day,Clear,78,70,49,20,801,4044,4845
215,2011-08-03,Fall,2011,8,Non Holiday,Wednesday,Working Day,Mist,73,67,65,13,467,3107,3574
216,2011-08-04,Fall,2011,8,Non Holiday,Thursday,Working Day,Mist,71,66,75,19,799,3777,4576
217,2011-08-05,Fall,2011,8,Non Holiday,Friday,Working Day,Clear,71,65,63,18,1023,3843,4866
218,2011-08-06,Fall,2011,8,Non Holiday,Saturday,Non-Working Day,Mist,71,67,75,22,1521,2773,4294
219,2011-08-07,Fall,2011,8,Non Holiday,Sunday,Non-Working Day,Clear,74,71,75,20,1298,2487,3785
220,2011-08-08,Fall,2011,8,Non Holiday,Monday,Working Day,Clear,76,70,59,19,846,3480,4326
221,2011-08-09,Fall,2011,8,Non Holiday,Tuesday,Working Day,Clear,77,72,57,15,907,3695,4602
222,2011-08-10,Fall,2011,8,Non Holiday,Wednesday,Working Day,Clear,76,68,42,20,884,3896,4780
223,2011-08-11,Fall,2011,8,Non Holiday,Thursday,Working Day,Clear,71,65,42,16,812,3980,4792
224,2011-08-12,Fall,2011,8,Non Holiday,Friday,Working Day,Clear,70,65,41,12,1051,3854,4905
225,2011-08-13,Fall,2011,8,Non Holiday,Saturday,Non-Working Day,Mist,68,64,72,21,1504,2646,4150
226,2011-08-14,Fall,2011,8,Non Holiday,Sunday,Non-Working Day,Mist,67,62,81,22,1338,2482,3820
227,2011-08-15,Fall,2011,8,Non Holiday,Monday,Working Day,Clear,66,61,71,20,775,3563,4338
228,2011-08-16,Fall,2011,8,Non Holiday,Tuesday,Working Day,Clear,70,64,57,23,721,4004,4725
229,2011-08-17,Fall,2011,8,Non Holiday,Wednesday,Working Day,Clear,72,66,57,14,668,4026,4694
230,2011-08-18,Fall,2011,8,Non Holiday,Thursday,Working Day,Clear,71,66,65,23,639,3166,3805
231,2011-08-19,Fall,2011,8,Non Holiday,Friday,Working Day,Mist,68,63,72,13,797,3356,4153
232,2011-08-20,Fall,2011,8,Non Holiday,Saturday,Non-Working Day,Clear,69,64,67,10,1914,3277,5191
233,2011-08-21,Fall,2011,8,Non Holiday,Sunday,Non-Working Day,Clear,71,67,77,24,1249,2624,3873
234,2011-08-22,Fall,2011,8,Non Holiday,Monday,Working Day,Clear,69,63,47,27,833,3925,4758
235,2011-08-23,Fall,2011,8,Non Holiday,Tuesday,Working Day,Clear,64,60,45,14,1281,4614,5895
236,2011-08-24,Fall,2011,8,Non Holiday,Wednesday,Working Day,Clear,67,63,60,25,949,4181,5130
237,2011-08-25,Fall,2011,8,Non Holiday,Thursday,Working Day,Mist,68,64,77,21,435,3107,3542
238,2011-08-26,Fall,2011,8,Non Holiday,Friday,Working Day,Clear,70,65,76,8,768,3893,4661
239,2011-08-27,Fall,2011,8,Non Holiday,Saturday,Non-Working Day,Mist,68,63,85,37,226,889,1115
240,2011-08-28,Fall,2011,8,Non Holiday,Sunday,Non-Working Day,Clear,70,64,56,30,1415,2919,4334
241,2011-08-29,Fall,2011,8,Non Holiday,Monday,Working Day,Clear,63,60,55,15,729,3905,4634
242,2011-08-30,Fall,2011,8,Non Holiday,Tuesday,Working Day,Clear,63,59,54,12,775,4429,5204
243,2011-08-31,Fall,2011,8,Non Holiday,Wednesday,Working Day,Clear,65,61,59,8,688,4370,5058
244,2011-09-01,Fall,2011,9,Non Holiday,Thursday,Working Day,Clear,65,61,63,14,783,4332,5115
245,2011-09-02,Fall,2011,9,Non Holiday,Friday,Working Day,Mist,64,60,72,13,875,3852,4727
246,2011-09-03,Fall,2011,9,Non Holiday,Saturday,Non-Working Day,Clear,66,63,71,18,1935,2549,4484
247,2011-09-04,Fall,2011,9,Non Holiday,Sunday,Non-Working Day,Clear,70,66,74,20,2521,2419,4940
248,2011-09-05,Fall,2011,9,Holiday,Monday,Non-Working Day,Mist,67,62,79,21,1236,2115,3351
249,2011-09-06,Fall,2011,9,Non Holiday,Tuesday,Working Day,Light Precipitation,54,51,88,34,204,2506,2710
250,2011-09-07,Fall,2011,9,Non Holiday,Wednesday,Working Day,Light Precipitation,59,54,91,9,118,1878,1996
251,2011-09-08,Fall,2011,9,Non Holiday,Thursday,Working Day,Light Precipitation,63,55,93,19,153,1689,1842
252,2011-09-09,Fall,2011,9,Non Holiday,Friday,Working Day,Mist,65,57,89,12,417,3127,3544
253,2011-09-10,Fall,2011,9,Non Holiday,Saturday,Non-Working Day,Clear,66,60,75,15,1750,3595,5345
254,2011-09-11,Fall,2011,9,Non Holiday,Sunday,Non-Working Day,Clear,65,60,71,11,1633,3413,5046
255,2011-09-12,Fall,2011,9,Non Holiday,Monday,Working Day,Clear,64,60,69,8,690,4023,4713
256,2011-09-13,Fall,2011,9,Non Holiday,Tuesday,Working Day,Clear,65,60,71,14,701,4062,4763
257,2011-09-14,Fall,2011,9,Non Holiday,Wednesday,Working Day,Clear,67,62,69,16,647,4138,4785
258,2011-09-15,Fall,2011,9,Non Holiday,Thursday,Working Day,Mist,57,55,70,27,428,3231,3659
259,2011-09-16,Fall,2011,9,Non Holiday,Friday,Working Day,Mist,46,46,59,16,742,4018,4760
260,2011-09-17,Fall,2011,9,Non Holiday,Saturday,Non-Working Day,Mist,49,47,71,18,1434,3077,4511
261,2011-09-18,Fall,2011,9,Non Holiday,Sunday,Non-Working Day,Clear,50,49,69,17,1353,2921,4274
262,2011-09-19,Fall,2011,9,Non Holiday,Monday,Working Day,Mist,54,52,69,15,691,3848,4539
263,2011-09-20,Fall,2011,9,Non Holiday,Tuesday,Working Day,Mist,56,53,88,13,438,3203,3641
264,2011-09-21,Fall,2011,9,Non Holiday,Wednesday,Working Day,Mist,59,55,90,9,539,3813,4352
265,2011-09-22,Fall,2011,9,Non Holiday,Thursday,Working Day,Mist,62,55,90,12,555,4240,4795
266,2011-09-23,Winter,2011,9,Non Holiday,Friday,Working Day,Mist,60,52,97,7,258,2137,2395
267,2011-09-24,Winter,2011,9,Non Holiday,Saturday,Non-Working Day,Mist,60,56,86,7,1776,3647,5423
268,2011-09-25,Winter,2011,9,Non Holiday,Sunday,Non-Working Day,Mist,63,57,84,5,1544,3466,5010
269,2011-09-26,Winter,2011,9,Non Holiday,Monday,Working Day,Mist,64,58,84,11,684,3946,4630
270,2011-09-27,Winter,2011,9,Non Holiday,Tuesday,Working Day,Mist,63,57,88,11,477,3643,4120
271,2011-09-28,Winter,2011,9,Non Holiday,Wednesday,Working Day,Mist,63,57,84,14,480,3427,3907
272,2011-09-29,Winter,2011,9,Non Holiday,Thursday,Working Day,Clear,61,57,69,17,653,4186,4839
273,2011-09-30,Winter,2011,9,Non Holiday,Friday,Working Day,Clear,56,54,64,20,830,4372,5202
274,2011-10-01,Winter,2011,10,Non Holiday,Saturday,Non-Working Day,Mist,41,41,75,29,480,1949,2429
275,2011-10-02,Winter,2011,10,Non Holiday,Sunday,Non-Working Day,Mist,35,34,79,22,616,2302,2918
276,2011-10-03,Winter,2011,10,Non Holiday,Monday,Working Day,Mist,38,39,76,8,330,3240,3570
277,2011-10-04,Winter,2011,10,Non Holiday,Tuesday,Working Day,Clear,48,47,71,20,486,3970,4456
278,2011-10-05,Winter,2011,10,Non Holiday,Wednesday,Working Day,Clear,53,52,64,17,559,4267,4826
279,2011-10-06,Winter,2011,10,Non Holiday,Thursday,Working Day,Clear,49,48,62,13,639,4126,4765
280,2011-10-07,Winter,2011,10,Non Holiday,Friday,Working Day,Clear,51,50,68,2,949,4036,4985
281,2011-10-08,Winter,2011,10,Non Holiday,Saturday,Non-Working Day,Clear,52,51,70,4,2235,3174,5409
282,2011-10-09,Winter,2011,10,Non Holiday,Sunday,Non-Working Day,Clear,54,52,72,6,2397,3114,5511
283,2011-10-10,Winter,2011,10,Holiday,Monday,Non-Working Day,Clear,57,54,73,4,1514,3603,5117
284,2011-10-11,Winter,2011,10,Non Holiday,Tuesday,Working Day,Mist,56,54,80,14,667,3896,4563
285,2011-10-12,Winter,2011,10,Non Holiday,Wednesday,Working Day,Light Precipitation,54,51,90,24,217,2199,2416
286,2011-10-13,Winter,2011,10,Non Holiday,Thursday,Working Day,Mist,58,55,89,14,290,2623,2913
287,2011-10-14,Winter,2011,10,Non Holiday,Friday,Working Day,Mist,55,52,71,22,529,3115,3644
288,2011-10-15,Winter,2011,10,Non Holiday,Saturday,Non-Working Day,Clear,50,49,48,25,1899,3318,5217
289,2011-10-16,Winter,2011,10,Non Holiday,Sunday,Non-Working Day,Clear,51,50,48,28,1748,3293,5041
290,2011-10-17,Winter,2011,10,Non Holiday,Monday,Working Day,Clear,53,51,57,17,713,3857,4570
291,2011-10-18,Winter,2011,10,Non Holiday,Tuesday,Working Day,Mist,53,52,70,11,637,4111,4748
292,2011-10-19,Winter,2011,10,Non Holiday,Wednesday,Working Day,Light Precipitation,54,51,89,24,254,2170,2424
293,2011-10-20,Winter,2011,10,Non Holiday,Thursday,Working Day,Clear,47,46,63,42,471,3724,4195
294,2011-10-21,Winter,2011,10,Non Holiday,Friday,Working Day,Clear,42,42,57,22,676,3628,4304
295,2011-10-22,Winter,2011,10,Non Holiday,Saturday,Non-Working Day,Clear,42,42,62,9,1499,2809,4308
296,2011-10-23,Winter,2011,10,Non Holiday,Sunday,Non-Working Day,Clear,42,42,74,9,1619,2762,4381
297,2011-10-24,Winter,2011,10,Non Holiday,Monday,Working Day,Clear,46,45,77,11,699,3488,4187
298,2011-10-25,Winter,2011,10,Non Holiday,Tuesday,Working Day,Clear,47,46,62,16,695,3992,4687
299,2011-10-26,Winter,2011,10,Non Holiday,Wednesday,Working Day,Mist,48,47,72,14,404,3490,3894
300,2011-10-27,Winter,2011,10,Non Holiday,Thursday,Working Day,Mist,47,45,81,19,240,2419,2659
301,2011-10-28,Winter,2011,10,Non Holiday,Friday,Working Day,Mist,33,31,58,22,456,3291,3747
302,2011-10-29,Winter,2011,10,Non Holiday,Saturday,Non-Working Day,Light Precipitation,25,22,88,35,57,570,627
303,2011-10-30,Winter,2011,10,Non Holiday,Sunday,Non-Working Day,Clear,31,32,62,17,885,2446,3331
304,2011-10-31,Winter,2011,10,Non Holiday,Monday,Working Day,Clear,34,35,70,10,362,3307,3669
305,2011-11-01,Winter,2011,11,Non Holiday,Tuesday,Working Day,Clear,40,39,68,13,410,3658,4068
306,2011-11-02,Winter,2011,11,Non Holiday,Wednesday,Working Day,Clear,37,39,71,8,370,3816,4186
307,2011-11-03,Winter,2011,11,Non Holiday,Thursday,Working Day,Clear,40,40,70,13,318,3656,3974
308,2011-11-04,Winter,2011,11,Non Holiday,Friday,Working Day,Mist,40,40,62,27,470,3576,4046
309,2011-11-05,Winter,2011,11,Non Holiday,Saturday,Non-Working Day,Clear,32,32,51,18,1156,2770,3926
310,2011-11-06,Winter,2011,11,Non Holiday,Sunday,Non-Working Day,Clear,34,36,73,9,952,2697,3649
311,2011-11-07,Winter,2011,11,Non Holiday,Monday,Working Day,Clear,39,40,75,5,373,3662,4035
312,2011-11-08,Winter,2011,11,Non Holiday,Tuesday,Working Day,Clear,40,41,72,6,376,3829,4205
313,2011-11-09,Winter,2011,11,Non Holiday,Wednesday,Working Day,Clear,40,40,75,6,305,3804,4109
314,2011-11-10,Winter,2011,11,Non Holiday,Thursday,Working Day,Mist,38,37,81,18,190,2743,2933
315,2011-11-11,Winter,2011,11,Holiday,Friday,Non-Working Day,Clear,32,30,44,31,440,2928,3368
316,2011-11-12,Winter,2011,11,Non Holiday,Saturday,Non-Working Day,Clear,35,35,55,21,1275,2792,4067
317,2011-11-13,Winter,2011,11,Non Holiday,Sunday,Non-Working Day,Clear,44,43,45,28,1004,2713,3717
318,2011-11-14,Winter,2011,11,Non Holiday,Monday,Working Day,Clear,53,52,58,30,595,3891,4486
319,2011-11-15,Winter,2011,11,Non Holiday,Tuesday,Working Day,Mist,53,50,68,19,449,3746,4195
320,2011-11-16,Winter,2011,11,Non Holiday,Wednesday,Working Day,Light Precipitation,45,45,93,13,145,1672,1817
321,2011-11-17,Winter,2011,11,Non Holiday,Thursday,Working Day,Mist,34,32,57,30,139,2914,3053
322,2011-11-18,Winter,2011,11,Non Holiday,Friday,Working Day,Clear,27,27,41,16,245,3147,3392
323,2011-11-19,Winter,2011,11,Non Holiday,Saturday,Non-Working Day,Clear,32,32,50,22,943,2720,3663
324,2011-11-20,Winter,2011,11,Non Holiday,Sunday,Non-Working Day,Mist,46,45,68,18,787,2733,3520
325,2011-11-21,Winter,2011,11,Non Holiday,Monday,Working Day,Light Precipitation,44,44,91,13,220,2545,2765
326,2011-11-22,Winter,2011,11,Non Holiday,Tuesday,Working Day,Light Precipitation,41,42,96,11,69,1538,1607
327,2011-11-23,Winter,2011,11,Non Holiday,Wednesday,Working Day,Mist,44,43,75,33,112,2454,2566
328,2011-11-24,Winter,2011,11,Holiday,Thursday,Non-Working Day,Clear,37,37,54,16,560,935,1495
329,2011-11-25,Winter,2011,11,Non Holiday,Friday,Working Day,Clear,37,38,64,9,1095,1697,2792
330,2011-11-26,Winter,2011,11,Non Holiday,Saturday,Non-Working Day,Clear,37,38,68,6,1249,1819,3068
331,2011-11-27,Winter,2011,11,Non Holiday,Sunday,Non-Working Day,Clear,45,45,69,20,810,2261,3071
332,2011-11-28,Winter,2011,11,Non Holiday,Monday,Working Day,Clear,50,49,74,14,253,3614,3867
333,2011-11-29,Winter,2011,11,Non Holiday,Tuesday,Working Day,Mist,45,45,83,25,96,2818,2914
334,2011-11-30,Winter,2011,11,Non Holiday,Wednesday,Working Day,Clear,32,31,61,27,188,3425,3613
335,2011-12-01,Winter,2011,12,Non Holiday,Thursday,Working Day,Clear,31,30,52,22,182,3545,3727
336,2011-12-02,Winter,2011,12,Non Holiday,Friday,Working Day,Clear,31,33,62,10,268,3672,3940
337,2011-12-03,Winter,2011,12,Non Holiday,Saturday,Non-Working Day,Clear,29,31,61,9,706,2908,3614
338,2011-12-04,Winter,2011,12,Non Holiday,Sunday,Non-Working Day,Clear,33,34,77,8,634,2851,3485
339,2011-12-05,Winter,2011,12,Non Holiday,Monday,Working Day,Mist,38,39,82,6,233,3578,3811
340,2011-12-06,Winter,2011,12,Non Holiday,Tuesday,Working Day,Light Precipitation,46,45,94,23,126,2468,2594
341,2011-12-07,Winter,2011,12,Non Holiday,Wednesday,Working Day,Light Precipitation,41,40,97,26,50,655,705
342,2011-12-08,Winter,2011,12,Non Holiday,Thursday,Working Day,Clear,26,25,57,24,150,3172,3322
343,2011-12-09,Winter,2011,12,Non Holiday,Friday,Working Day,Clear,29,31,69,8,261,3359,3620
344,2011-12-10,Winter,2011,12,Non Holiday,Saturday,Non-Working Day,Clear,27,26,50,23,502,2688,3190
345,2011-12-11,Winter,2011,12,Non Holiday,Sunday,Non-Working Day,Clear,22,25,49,6,377,2366,2743
346,2011-12-12,Winter,2011,12,Non Holiday,Monday,Working Day,Clear,23,27,67,6,143,3167,3310
347,2011-12-13,Winter,2011,12,Non Holiday,Tuesday,Working Day,Clear,28,30,59,14,155,3368,3523
348,2011-12-14,Winter,2011,12,Non Holiday,Wednesday,Working Day,Mist,31,33,66,6,178,3562,3740
349,2011-12-15,Winter,2011,12,Non Holiday,Thursday,Working Day,Mist,42,41,63,26,181,3528,3709
350,2011-12-16,Winter,2011,12,Non Holiday,Friday,Working Day,Mist,37,35,50,26,178,3399,3577
351,2011-12-17,Winter,2011,12,Non Holiday,Saturday,Non-Working Day,Mist,25,24,56,24,275,2464,2739
352,2011-12-18,Winter,2011,12,Non Holiday,Sunday,Non-Working Day,Clear,23,24,58,16,220,2211,2431
353,2011-12-19,Winter,2011,12,Non Holiday,Monday,Working Day,Clear,27,28,63,17,260,3143,3403
354,2011-12-20,Winter,2011,12,Non Holiday,Tuesday,Working Day,Mist,38,39,59,6,216,3534,3750
355,2011-12-21,Spring,2011,12,Non Holiday,Wednesday,Working Day,Mist,42,42,85,22,107,2553,2660
356,2011-12-22,Spring,2011,12,Non Holiday,Thursday,Working Day,Mist,42,42,75,4,227,2841,3068
357,2011-12-23,Spring,2011,12,Non Holiday,Friday,Working Day,Clear,37,37,68,27,163,2046,2209
358,2011-12-24,Spring,2011,12,Non Holiday,Saturday,Non-Working Day,Clear,30,29,54,19,155,856,1011
359,2011-12-25,Spring,2011,12,Non Holiday,Sunday,Non-Working Day,Clear,27,27,68,15,303,451,754
360,2011-12-26,Spring,2011,12,Holiday,Monday,Non-Working Day,Clear,32,31,50,23,430,887,1317
361,2011-12-27,Spring,2011,12,Non Holiday,Tuesday,Working Day,Mist,32,32,76,18,103,1059,1162
362,2011-12-28,Spring,2011,12,Non Holiday,Wednesday,Working Day,Clear,29,27,50,29,255,2047,2302
363,2011-12-29,Spring,2011,12,Non Holiday,Thursday,Working Day,Clear,24,26,57,11,254,2169,2423
364,2011-12-30,Spring,2011,12,Non Holiday,Friday,Working Day,Clear,31,31,63,13,491,2508,2999
365,2011-12-31,Spring,2011,12,Non Holiday,Saturday,Non-Working Day,Clear,41,41,61,22,665,1820,2485
366,2012-01-01,Spring,2012,1,Non Holiday,Sunday,Non-Working Day,Clear,37,37,69,19,686,1608,2294
367,2012-01-02,Spring,2012,1,Holiday,Monday,Non-Working Day,Clear,27,25,38,32,244,1707,1951
368,2012-01-03,Spring,2012,1,Non Holiday,Tuesday,Working Day,Clear,15,12,44,36,89,2147,2236
369,2012-01-04,Spring,2012,1,Non Holiday,Wednesday,Working Day,Mist,10,11,41,18,95,2273,2368
370,2012-01-05,Spring,2012,1,Non Holiday,Thursday,Working Day,Clear,26,27,52,12,140,3132,3272
371,2012-01-06,Spring,2012,1,Non Holiday,Friday,Working Day,Clear,33,34,54,16,307,3791,4098
372,2012-01-07,Spring,2012,1,Non Holiday,Saturday,Non-Working Day,Clear,39,39,53,17,1070,3451,4521
373,2012-01-08,Spring,2012,1,Non Holiday,Sunday,Non-Working Day,Clear,33,34,46,19,599,2826,3425
374,2012-01-09,Spring,2012,1,Non Holiday,Monday,Working Day,Mist,22,24,70,9,106,2270,2376
375,2012-01-10,Spring,2012,1,Non Holiday,Tuesday,Working Day,Clear,30,31,64,18,173,3425,3598
376,2012-01-11,Spring,2012,1,Non Holiday,Wednesday,Working Day,Mist,27,28,84,13,92,2085,2177
377,2012-01-12,Spring,2012,1,Non Holiday,Thursday,Working Day,Mist,38,38,80,18,269,3828,4097
378,2012-01-13,Spring,2012,1,Non Holiday,Friday,Working Day,Clear,27,24,50,37,174,3040,3214
379,2012-01-14,Spring,2012,1,Non Holiday,Saturday,Non-Working Day,Clear,18,18,45,18,333,2160,2493
380,2012-01-15,Spring,2012,1,Non Holiday,Sunday,Non-Working Day,Clear,16,16,41,25,284,2027,2311
381,2012-01-16,Spring,2012,1,Holiday,Monday,Non-Working Day,Clear,19,19,52,23,217,2081,2298
382,2012-01-17,Spring,2012,1,Non Holiday,Tuesday,Working Day,Mist,37,36,71,34,127,2808,2935
383,2012-01-18,Spring,2012,1,Non Holiday,Wednesday,Working Day,Clear,30,27,44,41,109,3267,3376
384,2012-01-19,Spring,2012,1,Non Holiday,Thursday,Working Day,Clear,19,19,49,22,130,3162,3292
385,2012-01-20,Spring,2012,1,Non Holiday,Friday,Working Day,Mist,21,22,45,20,115,3048,3163
386,2012-01-21,Spring,2012,1,Non Holiday,Saturday,Non-Working Day,Mist,17,17,83,22,67,1234,1301
387,2012-01-22,Spring,2012,1,Non Holiday,Sunday,Non-Working Day,Mist,16,16,79,19,196,1781,1977
388,2012-01-23,Spring,2012,1,Non Holiday,Monday,Working Day,Mist,21,24,91,11,145,2287,2432
389,2012-01-24,Spring,2012,1,Non Holiday,Tuesday,Working Day,Clear,34,34,83,12,439,3900,4339
390,2012-01-25,Spring,2012,1,Non Holiday,Wednesday,Working Day,Clear,29,29,64,16,467,3803,4270
391,2012-01-26,Spring,2012,1,Non Holiday,Thursday,Working Day,Mist,34,35,76,7,244,3831,4075
392,2012-01-27,Spring,2012,1,Non Holiday,Friday,Working Day,Mist,42,41,74,34,269,3187,3456
393,2012-01-28,Spring,2012,1,Non Holiday,Saturday,Non-Working Day,Clear,31,32,54,21,775,3248,4023
394,2012-01-29,Spring,2012,1,Non Holiday,Sunday,Non-Working Day,Clear,28,27,31,24,558,2685,3243
395,2012-01-30,Spring,2012,1,Non Holiday,Monday,Working Day,Clear,26,26,40,21,126,3498,3624
396,2012-01-31,Spring,2012,1,Non Holiday,Tuesday,Working Day,Clear,39,38,41,26,324,4185,4509
397,2012-02-01,Spring,2012,2,Non Holiday,Wednesday,Working Day,Clear,46,46,50,18,304,4275,4579
398,2012-02-02,Spring,2012,2,Non Holiday,Thursday,Working Day,Mist,39,39,67,18,190,3571,3761
399,2012-02-03,Spring,2012,2,Non Holiday,Friday,Working Day,Clear,31,30,52,17,310,3841,4151
400,2012-02-04,Spring,2012,2,Non Holiday,Saturday,Non-Working Day,Mist,26,27,77,12,384,2448,2832
401,2012-02-05,Spring,2012,2,Non Holiday,Sunday,Non-Working Day,Mist,26,26,68,17,318,2629,2947
402,2012-02-06,Spring,2012,2,Non Holiday,Monday,Working Day,Clear,28,29,62,15,206,3578,3784
403,2012-02-07,Spring,2012,2,Non Holiday,Tuesday,Working Day,Clear,35,36,49,14,199,4176,4375
404,2012-02-08,Spring,2012,2,Non Holiday,Wednesday,Working Day,Mist,25,26,72,13,109,2693,2802
405,2012-02-09,Spring,2012,2,Non Holiday,Thursday,Working Day,Clear,26,26,56,19,163,3667,3830
406,2012-02-10,Spring,2012,2,Non Holiday,Friday,Working Day,Mist,28,29,54,11,227,3604,3831
407,2012-02-11,Spring,2012,2,Non Holiday,Saturday,Non-Working Day,Light Precipitation,22,21,73,28,192,1977,2169
408,2012-02-12,Spring,2012,2,Non Holiday,Sunday,Non-Working Day,Clear,12,10,46,40,73,1456,1529
409,2012-02-13,Spring,2012,2,Non Holiday,Monday,Working Day,Clear,22,22,41,16,94,3328,3422
410,2012-02-14,Spring,2012,2,Non Holiday,Tuesday,Working Day,Mist,31,33,50,14,135,3787,3922
411,2012-02-15,Spring,2012,2,Non Holiday,Wednesday,Working Day,Clear,34,35,53,18,141,4028,4169
412,2012-02-16,Spring,2012,2,Non Holiday,Thursday,Working Day,Mist,31,33,75,9,74,2931,3005
413,2012-02-17,Spring,2012,2,Non Holiday,Friday,Working Day,Clear,34,35,63,20,349,3805,4154
414,2012-02-18,Spring,2012,2,Non Holiday,Saturday,Non-Working Day,Clear,34,35,53,19,1435,2883,4318
415,2012-02-19,Spring,2012,2,Non Holiday,Sunday,Non-Working Day,Mist,28,26,51,25,618,2071,2689
416,2012-02-20,Spring,2012,2,Holiday,Monday,Non-Working Day,Clear,28,27,50,22,502,2627,3129
417,2012-02-21,Spring,2012,2,Non Holiday,Tuesday,Working Day,Clear,28,29,59,20,163,3614,3777
418,2012-02-22,Spring,2012,2,Non Holiday,Wednesday,Working Day,Clear,39,39,56,23,394,4379,4773
419,2012-02-23,Spring,2012,2,Non Holiday,Thursday,Working Day,Clear,45,44,55,19,516,4546,5062
420,2012-02-24,Spring,2012,2,Non Holiday,Friday,Working Day,Mist,40,41,73,23,246,3241,3487
421,2012-02-25,Spring,2012,2,Non Holiday,Saturday,Non-Working Day,Clear,29,25,39,42,317,2415,2732
422,2012-02-26,Spring,2012,2,Non Holiday,Sunday,Non-Working Day,Clear,27,26,41,20,515,2874,3389
423,2012-02-27,Spring,2012,2,Non Holiday,Monday,Working Day,Clear,36,35,49,26,253,4069,4322
424,2012-02-28,Spring,2012,2,Non Holiday,Tuesday,Working Day,Clear,35,35,39,19,229,4134,4363
425,2012-02-29,Spring,2012,2,Non Holiday,Wednesday,Working Day,Mist,34,34,80,17,65,1769,1834
426,2012-03-01,Spring,2012,3,Non Holiday,Thursday,Working Day,Clear,48,47,61,22,325,4665,4990
427,2012-03-02,Spring,2012,3,Non Holiday,Friday,Working Day,Mist,35,35,65,14,246,2948,3194
428,2012-03-03,Spring,2012,3,Non Holiday,Saturday,Non-Working Day,Mist,41,41,62,16,956,3110,4066
429,2012-03-04,Spring,2012,3,Non Holiday,Sunday,Non-Working Day,Clear,32,30,40,33,710,2713,3423
430,2012-03-05,Spring,2012,3,Non Holiday,Monday,Working Day,Clear,24,24,50,22,203,3130,3333
431,2012-03-06,Spring,2012,3,Non Holiday,Tuesday,Working Day,Clear,25,25,45,20,221,3735,3956
432,2012-03-07,Spring,2012,3,Non Holiday,Wednesday,Working Day,Clear,40,38,51,34,432,4484,4916
433,2012-03-08,Spring,2012,3,Non Holiday,Thursday,Working Day,Clear,52,52,56,44,486,4896,5382
434,2012-03-09,Spring,2012,3,Non Holiday,Friday,Working Day,Mist,41,39,40,41,447,4122,4569
435,2012-03-10,Spring,2012,3,Non Holiday,Saturday,Non-Working Day,Clear,28,27,35,22,968,3150,4118
436,2012-03-11,Spring,2012,3,Non Holiday,Sunday,Non-Working Day,Clear,36,35,47,22,1658,3253,4911
437,2012-03-12,Spring,2012,3,Non Holiday,Monday,Working Day,Clear,46,45,48,20,838,4460,5298
438,2012-03-13,Spring,2012,3,Non Holiday,Tuesday,Working Day,Clear,56,54,61,23,762,5085,5847
439,2012-03-14,Spring,2012,3,Non Holiday,Wednesday,Working Day,Clear,57,54,50,11,997,5315,6312
440,2012-03-15,Spring,2012,3,Non Holiday,Thursday,Working Day,Clear,55,53,57,14,1005,5187,6192
441,2012-03-16,Spring,2012,3,Non Holiday,Friday,Working Day,Mist,43,43,84,11,548,3830,4378
442,2012-03-17,Spring,2012,3,Non Holiday,Saturday,Non-Working Day,Mist,51,50,75,11,3155,4681,7836
443,2012-03-18,Spring,2012,3,Non Holiday,Sunday,Non-Working Day,Mist,47,46,81,12,2207,3685,5892
444,2012-03-19,Spring,2012,3,Non Holiday,Monday,Working Day,Clear,54,53,72,16,982,5171,6153
445,2012-03-20,Spring,2012,3,Non Holiday,Tuesday,Working Day,Clear,56,53,80,12,1051,5042,6093
446,2012-03-21,Summer,2012,3,Non Holiday,Wednesday,Working Day,Mist,53,51,82,8,1122,5108,6230
447,2012-03-22,Summer,2012,3,Non Holiday,Thursday,Working Day,Clear,55,53,83,11,1334,5537,6871
448,2012-03-23,Summer,2012,3,Non Holiday,Friday,Working Day,Mist,60,57,69,11,2469,5893,8362
449,2012-03-24,Summer,2012,3,Non Holiday,Saturday,Non-Working Day,Mist,50,48,88,19,1033,2339,3372
450,2012-03-25,Summer,2012,3,Non Holiday,Sunday,Non-Working Day,Mist,43,43,88,22,1532,3464,4996
451,2012-03-26,Summer,2012,3,Non Holiday,Monday,Working Day,Clear,44,43,47,38,795,4763,5558
452,2012-03-27,Summer,2012,3,Non Holiday,Tuesday,Working Day,Clear,32,31,28,18,531,4571,5102
453,2012-03-28,Summer,2012,3,Non Holiday,Wednesday,Working Day,Clear,48,47,48,29,674,5024,5698
454,2012-03-29,Summer,2012,3,Non Holiday,Thursday,Working Day,Clear,49,48,43,31,834,5299,6133
455,2012-03-30,Summer,2012,3,Non Holiday,Friday,Working Day,Mist,37,37,58,13,796,4663,5459
456,2012-03-31,Summer,2012,3,Non Holiday,Saturday,Non-Working Day,Mist,42,42,73,25,2301,3934,6235
457,2012-04-01,Summer,2012,4,Non Holiday,Sunday,Non-Working Day,Mist,42,41,67,17,2347,3694,6041
458,2012-04-02,Summer,2012,4,Non Holiday,Monday,Working Day,Clear,43,42,50,31,1208,4728,5936
459,2012-04-03,Summer,2012,4,Non Holiday,Tuesday,Working Day,Clear,46,46,39,10,1348,5424,6772
460,2012-04-04,Summer,2012,4,Non Holiday,Wednesday,Working Day,Clear,54,53,46,18,1058,5378,6436
461,2012-04-05,Summer,2012,4,Non Holiday,Thursday,Working Day,Clear,43,43,37,21,1192,5265,6457
462,2012-04-06,Summer,2012,4,Non Holiday,Friday,Working Day,Clear,40,39,37,30,1807,4653,6460
463,2012-04-07,Summer,2012,4,Non Holiday,Saturday,Non-Working Day,Clear,43,42,25,27,3252,3605,6857
464,2012-04-08,Summer,2012,4,Non Holiday,Sunday,Non-Working Day,Clear,50,49,27,23,2230,2939,5169
465,2012-04-09,Summer,2012,4,Non Holiday,Monday,Working Day,Clear,48,47,31,35,905,4680,5585
466,2012-04-10,Summer,2012,4,Non Holiday,Tuesday,Working Day,Clear,44,43,43,24,819,5099,5918
467,2012-04-11,Summer,2012,4,Non Holiday,Wednesday,Working Day,Clear,34,33,46,29,482,4380,4862
468,2012-04-12,Summer,2012,4,Non Holiday,Thursday,Working Day,Clear,39,38,46,29,663,4746,5409
469,2012-04-13,Summer,2012,4,Non Holiday,Friday,Working Day,Clear,44,43,40,15,1252,5146,6398
470,2012-04-14,Summer,2012,4,Non Holiday,Saturday,Non-Working Day,Clear,49,48,50,19,2795,4665,7460
471,2012-04-15,Summer,2012,4,Non Holiday,Sunday,Non-Working Day,Clear,60,57,50,22,2846,4286,7132
472,2012-04-16,Summer,2012,4,Holiday,Monday,Non-Working Day,Clear,66,61,56,28,1198,5172,6370
473,2012-04-17,Summer,2012,4,Non Holiday,Tuesday,Working Day,Clear,60,59,39,27,989,5702,6691
474,2012-04-18,Summer,2012,4,Non Holiday,Wednesday,Working Day,Mist,46,45,56,16,347,4020,4367
475,2012-04-19,Summer,2012,4,Non Holiday,Thursday,Working Day,Clear,49,49,61,6,846,5719,6565
476,2012-04-20,Summer,2012,4,Non Holiday,Friday,Working Day,Clear,52,51,69,14,1340,5950,7290
477,2012-04-21,Summer,2012,4,Non Holiday,Saturday,Non-Working Day,Clear,56,54,68,28,2541,4083,6624
478,2012-04-22,Summer,2012,4,Non Holiday,Sunday,Non-Working Day,Light Precipitation,39,38,83,34,120,907,1027
479,2012-04-23,Summer,2012,4,Non Holiday,Monday,Working Day,Mist,32,30,76,30,195,3019,3214
480,2012-04-24,Summer,2012,4,Non Holiday,Tuesday,Working Day,Clear,41,40,45,24,518,5115,5633
481,2012-04-25,Summer,2012,4,Non Holiday,Wednesday,Working Day,Clear,47,47,42,11,655,5541,6196
482,2012-04-26,Summer,2012,4,Non Holiday,Thursday,Working Day,Mist,49,48,75,17,475,4551,5026
483,2012-04-27,Summer,2012,4,Non Holiday,Friday,Working Day,Clear,45,45,40,34,1014,5219,6233
484,2012-04-28,Summer,2012,4,Non Holiday,Saturday,Non-Working Day,Mist,37,37,48,12,1120,3100,4220
485,2012-04-29,Summer,2012,4,Non Holiday,Sunday,Non-Working Day,Clear,45,45,58,11,2229,4075,6304
486,2012-04-30,Summer,2012,4,Non Holiday,Monday,Working Day,Mist,46,45,56,17,665,4907,5572
487,2012-05-01,Summer,2012,5,Non Holiday,Tuesday,Working Day,Mist,61,57,65,15,653,5087,5740
488,2012-05-02,Summer,2012,5,Non Holiday,Wednesday,Working Day,Clear,56,53,79,13,667,5502,6169
489,2012-05-03,Summer,2012,5,Non Holiday,Thursday,Working Day,Mist,56,53,76,13,764,5657,6421
490,2012-05-04,Summer,2012,5,Non Holiday,Friday,Working Day,Clear,62,59,73,16,1069,5227,6296
491,2012-05-05,Summer,2012,5,Non Holiday,Saturday,Non-Working Day,Mist,62,58,75,15,2496,4387,6883
492,2012-05-06,Summer,2012,5,Non Holiday,Sunday,Non-Working Day,Mist,56,54,74,14,2135,4224,6359
493,2012-05-07,Summer,2012,5,Non Holiday,Monday,Working Day,Mist,53,52,66,23,1008,5265,6273
494,2012-05-08,Summer,2012,5,Non Holiday,Tuesday,Working Day,Mist,58,55,68,29,738,4990,5728
495,2012-05-09,Summer,2012,5,Non Holiday,Wednesday,Working Day,Mist,57,55,74,21,620,4097,4717
496,2012-05-10,Summer,2012,5,Non Holiday,Thursday,Working Day,Clear,50,49,55,31,1026,5546,6572
497,2012-05-11,Summer,2012,5,Non Holiday,Friday,Working Day,Clear,53,52,36,23,1319,5711,7030
498,2012-05-12,Summer,2012,5,Non Holiday,Saturday,Non-Working Day,Clear,56,54,48,12,2622,4807,7429
499,2012-05-13,Summer,2012,5,Non Holiday,Sunday,Non-Working Day,Clear,61,58,57,22,2172,3946,6118
500,2012-05-14,Summer,2012,5,Non Holiday,Monday,Working Day,Mist,57,54,78,21,342,2501,2843
501,2012-05-15,Summer,2012,5,Non Holiday,Tuesday,Working Day,Mist,61,57,79,14,625,4490,5115
502,2012-05-16,Summer,2012,5,Non Holiday,Wednesday,Working Day,Clear,63,59,69,12,991,6433,7424
503,2012-05-17,Summer,2012,5,Non Holiday,Thursday,Working Day,Clear,59,57,52,22,1242,6142,7384
504,2012-05-18,Summer,2012,5,Non Holiday,Friday,Working Day,Clear,56,55,52,13,1521,6118,7639
505,2012-05-19,Summer,2012,5,Non Holiday,Saturday,Non-Working Day,Clear,60,56,45,8,3410,4884,8294
506,2012-05-20,Summer,2012,5,Non Holiday,Sunday,Non-Working Day,Clear,62,58,53,25,2704,4425,7129
507,2012-05-21,Summer,2012,5,Non Holiday,Monday,Working Day,Mist,59,56,81,23,630,3729,4359
508,2012-05-22,Summer,2012,5,Non Holiday,Tuesday,Working Day,Mist,61,58,76,11,819,5254,6073
509,2012-05-23,Summer,2012,5,Non Holiday,Wednesday,Working Day,Mist,62,58,77,10,766,4494,5260
510,2012-05-24,Summer,2012,5,Non Holiday,Thursday,Working Day,Clear,65,60,71,17,1059,5711,6770
511,2012-05-25,Summer,2012,5,Non Holiday,Friday,Working Day,Clear,68,62,74,14,1417,5317,6734
512,2012-05-26,Summer,2012,5,Non Holiday,Saturday,Non-Working Day,Clear,69,64,73,19,2855,3681,6536
513,2012-05-27,Summer,2012,5,Non Holiday,Sunday,Non-Working Day,Clear,69,64,69,21,3283,3308,6591
514,2012-05-28,Summer,2012,5,Holiday,Monday,Non-Working Day,Clear,71,67,67,19,2557,3486,6043
515,2012-05-29,Summer,2012,5,Non Holiday,Tuesday,Working Day,Clear,72,67,68,29,880,4863,5743
516,2012-05-30,Summer,2012,5,Non Holiday,Wednesday,Working Day,Mist,65,61,67,13,745,6110,6855
517,2012-05-31,Summer,2012,5,Non Holiday,Thursday,Working Day,Clear,68,63,49,19,1100,6238,7338
518,2012-06-01,Summer,2012,6,Non Holiday,Friday,Working Day,Mist,65,60,75,23,533,3594,4127
519,2012-06-02,Summer,2012,6,Non Holiday,Saturday,Non-Working Day,Clear,58,56,54,18,2795,5325,8120
520,2012-06-03,Summer,2012,6,Non Holiday,Sunday,Non-Working Day,Clear,60,57,49,18,2494,5147,7641
521,2012-06-04,Summer,2012,6,Non Holiday,Monday,Working Day,Clear,59,57,48,28,1071,5927,6998
522,2012-06-05,Summer,2012,6,Non Holiday,Tuesday,Working Day,Mist,54,52,61,20,968,6033,7001
523,2012-06-06,Summer,2012,6,Non Holiday,Wednesday,Working Day,Clear,55,54,61,7,1027,6028,7055
524,2012-06-07,Summer,2012,6,Non Holiday,Thursday,Working Day,Clear,60,56,56,15,1038,6456,7494
525,2012-06-08,Summer,2012,6,Non Holiday,Friday,Working Day,Clear,64,59,46,17,1488,6248,7736
526,2012-06-09,Summer,2012,6,Non Holiday,Saturday,Non-Working Day,Clear,71,64,43,14,2708,4790,7498
527,2012-06-10,Summer,2012,6,Non Holiday,Sunday,Non-Working Day,Clear,72,66,53,13,2224,4374,6598
528,2012-06-11,Summer,2012,6,Non Holiday,Monday,Working Day,Mist,72,65,58,20,1017,5647,6664
529,2012-06-12,Summer,2012,6,Non Holiday,Tuesday,Working Day,Mist,65,59,83,21,477,4495,4972
530,2012-06-13,Summer,2012,6,Non Holiday,Wednesday,Working Day,Clear,65,61,58,34,1173,6248,7421
531,2012-06-14,Summer,2012,6,Non Holiday,Thursday,Working Day,Clear,64,62,56,25,1180,6183,7363
532,2012-06-15,Summer,2012,6,Non Holiday,Friday,Working Day,Clear,63,59,58,17,1563,6102,7665
533,2012-06-16,Summer,2012,6,Non Holiday,Saturday,Non-Working Day,Clear,63,59,50,16,2963,4739,7702
534,2012-06-17,Summer,2012,6,Non Holiday,Sunday,Non-Working Day,Clear,59,57,59,14,2634,4344,6978
535,2012-06-18,Summer,2012,6,Non Holiday,Monday,Working Day,Mist,56,54,77,17,653,4446,5099
536,2012-06-19,Summer,2012,6,Non Holiday,Tuesday,Working Day,Clear,68,65,69,14,968,5857,6825
537,2012-06-20,Summer,2012,6,Non Holiday,Wednesday,Working Day,Clear,78,72,59,11,872,5339,6211
538,2012-06-21,Fall,2012,6,Non Holiday,Thursday,Working Day,Clear,80,75,56,11,778,5127,5905
539,2012-06-22,Fall,2012,6,Non Holiday,Friday,Working Day,Clear,77,72,57,18,964,4859,5823
540,2012-06-23,Fall,2012,6,Non Holiday,Saturday,Non-Working Day,Clear,73,65,53,17,2657,4801,7458
541,2012-06-24,Fall,2012,6,Non Holiday,Sunday,Non-Working Day,Clear,74,67,47,14,2551,4340,6891
542,2012-06-25,Fall,2012,6,Non Holiday,Monday,Working Day,Clear,71,65,50,30,1139,5640,6779
543,2012-06-26,Fall,2012,6,Non Holiday,Tuesday,Working Day,Clear,63,59,37,34,1077,6365,7442
544,2012-06-27,Fall,2012,6,Non Holiday,Wednesday,Working Day,Clear,69,64,36,27,1077,6258,7335
545,2012-06-28,Fall,2012,6,Non Holiday,Thursday,Working Day,Clear,74,67,42,17,921,5958,6879
546,2012-06-29,Fall,2012,6,Non Holiday,Friday,Working Day,Clear,83,78,48,16,829,4634,5463
547,2012-06-30,Fall,2012,6,Non Holiday,Saturday,Non-Working Day,Clear,76,68,60,16,1455,4232,5687
548,2012-07-01,Fall,2012,7,Non Holiday,Sunday,Non-Working Day,Clear,81,75,51,16,1421,4110,5531
549,2012-07-02,Fall,2012,7,Non Holiday,Monday,Working Day,Clear,78,70,44,19,904,5323,6227
550,2012-07-03,Fall,2012,7,Non Holiday,Tuesday,Working Day,Clear,78,70,49,12,1052,5608,6660
551,2012-07-04,Fall,2012,7,Holiday,Wednesday,Non-Working Day,Clear,78,73,53,13,2562,4841,7403
552,2012-07-05,Fall,2012,7,Non Holiday,Thursday,Working Day,Clear,82,76,45,19,1405,4836,6241
553,2012-07-06,Fall,2012,7,Non Holiday,Friday,Working Day,Clear,82,75,45,14,1366,4841,6207
554,2012-07-07,Fall,2012,7,Non Holiday,Saturday,Non-Working Day,Clear,86,80,49,16,1448,3392,4840
555,2012-07-08,Fall,2012,7,Non Holiday,Sunday,Non-Working Day,Clear,82,79,57,12,1203,3469,4672
556,2012-07-09,Fall,2012,7,Non Holiday,Monday,Working Day,Mist,71,65,68,18,998,5571,6569
557,2012-07-10,Fall,2012,7,Non Holiday,Tuesday,Working Day,Mist,72,66,66,15,954,5336,6290
558,2012-07-11,Fall,2012,7,Non Holiday,Wednesday,Working Day,Clear,71,65,63,15,975,6289,7264
559,2012-07-12,Fall,2012,7,Non Holiday,Thursday,Working Day,Clear,71,65,52,14,1032,6414,7446
560,2012-07-13,Fall,2012,7,Non Holiday,Friday,Working Day,Mist,73,66,48,8,1511,5988,7499
561,2012-07-14,Fall,2012,7,Non Holiday,Saturday,Non-Working Day,Mist,70,66,69,14,2355,4614,6969
562,2012-07-15,Fall,2012,7,Non Holiday,Sunday,Non-Working Day,Clear,74,70,71,16,1920,4111,6031
563,2012-07-16,Fall,2012,7,Non Holiday,Monday,Working Day,Clear,76,72,64,16,1088,5742,6830
564,2012-07-17,Fall,2012,7,Non Holiday,Tuesday,Working Day,Clear,81,75,50,11,921,5865,6786
565,2012-07-18,Fall,2012,7,Non Holiday,Wednesday,Working Day,Clear,79,74,57,13,799,4914,5713
566,2012-07-19,Fall,2012,7,Non Holiday,Thursday,Working Day,Clear,77,71,60,16,888,5703,6591
567,2012-07-20,Fall,2012,7,Non Holiday,Friday,Working Day,Mist,66,61,84,20,747,5123,5870
568,2012-07-21,Fall,2012,7,Non Holiday,Saturday,Non-Working Day,Light Precipitation,59,54,86,21,1264,3195,4459
569,2012-07-22,Fall,2012,7,Non Holiday,Sunday,Non-Working Day,Mist,66,62,76,9,2544,4866,7410
570,2012-07-23,Fall,2012,7,Non Holiday,Monday,Working Day,Clear,74,69,69,13,1135,5831,6966
571,2012-07-24,Fall,2012,7,Non Holiday,Tuesday,Working Day,Clear,75,70,65,21,1140,6452,7592
572,2012-07-25,Fall,2012,7,Non Holiday,Wednesday,Working Day,Clear,72,65,45,16,1383,6790,8173
573,2012-07-26,Fall,2012,7,Non Holiday,Thursday,Working Day,Clear,77,73,59,28,1036,5825,6861
574,2012-07-27,Fall,2012,7,Non Holiday,Friday,Working Day,Clear,78,73,59,15,1259,5645,6904
575,2012-07-28,Fall,2012,7,Non Holiday,Saturday,Non-Working Day,Clear,75,69,61,15,2234,4451,6685
576,2012-07-29,Fall,2012,7,Non Holiday,Sunday,Non-Working Day,Clear,72,66,62,17,2153,4444,6597
577,2012-07-30,Fall,2012,7,Non Holiday,Monday,Working Day,Clear,73,68,66,15,1040,6065,7105
578,2012-07-31,Fall,2012,7,Non Holiday,Tuesday,Working Day,Clear,71,66,70,16,968,6248,7216
579,2012-08-01,Fall,2012,8,Non Holiday,Wednesday,Working Day,Clear,71,66,67,14,1074,6506,7580
580,2012-08-02,Fall,2012,8,Non Holiday,Thursday,Working Day,Clear,75,70,65,12,983,6278,7261
581,2012-08-03,Fall,2012,8,Non Holiday,Friday,Working Day,Mist,76,72,64,21,1328,5847,7175
582,2012-08-04,Fall,2012,8,Non Holiday,Saturday,Non-Working Day,Clear,79,75,61,25,2345,4479,6824
583,2012-08-05,Fall,2012,8,Non Holiday,Sunday,Non-Working Day,Clear,76,73,65,29,1707,3757,5464
584,2012-08-06,Fall,2012,8,Non Holiday,Monday,Working Day,Mist,75,71,65,12,1233,5780,7013
585,2012-08-07,Fall,2012,8,Non Holiday,Tuesday,Working Day,Mist,73,69,70,11,1278,5995,7273
586,2012-08-08,Fall,2012,8,Non Holiday,Wednesday,Working Day,Mist,75,70,67,11,1263,6271,7534
587,2012-08-09,Fall,2012,8,Non Holiday,Thursday,Working Day,Clear,75,69,62,15,1196,6090,7286
588,2012-08-10,Fall,2012,8,Non Holiday,Friday,Working Day,Mist,71,66,71,23,1065,4721,5786
589,2012-08-11,Fall,2012,8,Non Holiday,Saturday,Non-Working Day,Mist,69,63,73,20,2247,4052,6299
590,2012-08-12,Fall,2012,8,Non Holiday,Sunday,Non-Working Day,Clear,70,64,53,12,2182,4362,6544
591,2012-08-13,Fall,2012,8,Non Holiday,Monday,Working Day,Clear,72,66,54,13,1207,5676,6883
592,2012-08-14,Fall,2012,8,Non Holiday,Tuesday,Working Day,Clear,72,67,68,16,1128,5656,6784
593,2012-08-15,Fall,2012,8,Non Holiday,Wednesday,Working Day,Clear,70,65,61,16,1198,6149,7347
594,2012-08-16,Fall,2012,8,Non Holiday,Thursday,Working Day,Clear,71,65,51,14,1338,6267,7605
595,2012-08-17,Fall,2012,8,Non Holiday,Friday,Working Day,Clear,72,24,57,23,1483,5665,7148
596,2012-08-18,Fall,2012,8,Non Holiday,Saturday,Non-Working Day,Clear,67,61,60,17,2827,5038,7865
597,2012-08-19,Fall,2012,8,Non Holiday,Sunday,Non-Working Day,Mist,63,60,71,8,1208,3341,4549
598,2012-08-20,Fall,2012,8,Non Holiday,Monday,Working Day,Mist,63,59,73,12,1026,5504,6530
599,2012-08-21,Fall,2012,8,Non Holiday,Tuesday,Working Day,Clear,64,60,67,7,1081,5925,7006
600,2012-08-22,Fall,2012,8,Non Holiday,Wednesday,Working Day,Clear,66,62,67,7,1094,6281,7375
601,2012-08-23,Fall,2012,8,Non Holiday,Thursday,Working Day,Clear,69,63,63,8,1363,6402,7765
602,2012-08-24,Fall,2012,8,Non Holiday,Friday,Working Day,Mist,70,64,61,7,1325,6257,7582
603,2012-08-25,Fall,2012,8,Non Holiday,Saturday,Non-Working Day,Mist,66,61,71,24,1829,4224,6053
604,2012-08-26,Fall,2012,8,Non Holiday,Sunday,Non-Working Day,Mist,65,59,84,22,1483,3772,5255
605,2012-08-27,Fall,2012,8,Non Holiday,Monday,Working Day,Clear,70,65,73,12,989,5928,6917
606,2012-08-28,Fall,2012,8,Non Holiday,Tuesday,Working Day,Clear,72,66,62,19,935,6105,7040
607,2012-08-29,Fall,2012,8,Non Holiday,Wednesday,Working Day,Clear,68,63,55,11,1177,6520,7697
608,2012-08-30,Fall,2012,8,Non Holiday,Thursday,Working Day,Clear,70,65,59,7,1172,6541,7713
609,2012-08-31,Fall,2012,8,Non Holiday,Friday,Working Day,Clear,76,68,58,16,1433,5917,7350
610,2012-09-01,Fall,2012,9,Non Holiday,Saturday,Non-Working Day,Mist,75,70,63,11,2352,3788,6140
611,2012-09-02,Fall,2012,9,Non Holiday,Sunday,Non-Working Day,Mist,69,64,81,6,2613,3197,5810
612,2012-09-03,Fall,2012,9,Holiday,Monday,Non-Working Day,Clear,70,66,79,15,1965,4069,6034
613,2012-09-04,Fall,2012,9,Non Holiday,Tuesday,Working Day,Clear,72,68,75,23,867,5997,6864
614,2012-09-05,Fall,2012,9,Non Holiday,Wednesday,Working Day,Clear,73,70,74,18,832,6280,7112
615,2012-09-06,Fall,2012,9,Non Holiday,Thursday,Working Day,Mist,69,65,81,14,611,5592,6203
616,2012-09-07,Fall,2012,9,Non Holiday,Friday,Working Day,Clear,70,65,73,17,1045,6459,7504
617,2012-09-08,Fall,2012,9,Non Holiday,Saturday,Non-Working Day,Mist,65,61,79,28,1557,4419,5976
618,2012-09-09,Fall,2012,9,Non Holiday,Sunday,Non-Working Day,Clear,61,57,54,22,2570,5657,8227
619,2012-09-10,Fall,2012,9,Non Holiday,Monday,Working Day,Clear,58,56,50,25,1118,6407,7525
620,2012-09-11,Fall,2012,9,Non Holiday,Tuesday,Working Day,Clear,57,55,52,9,1070,6697,7767
621,2012-09-12,Fall,2012,9,Non Holiday,Wednesday,Working Day,Clear,59,57,57,13,1050,6820,7870
622,2012-09-13,Fall,2012,9,Non Holiday,Thursday,Working Day,Clear,61,57,63,8,1054,6750,7804
623,2012-09-14,Fall,2012,9,Non Holiday,Friday,Working Day,Clear,63,59,67,10,1379,6630,8009
624,2012-09-15,Fall,2012,9,Non Holiday,Saturday,Non-Working Day,Clear,60,58,50,24,3160,5554,8714
625,2012-09-16,Fall,2012,9,Non Holiday,Sunday,Non-Working Day,Clear,57,56,56,9,2166,5167,7333
626,2012-09-17,Fall,2012,9,Non Holiday,Monday,Working Day,Mist,58,55,73,15,1022,5847,6869
627,2012-09-18,Fall,2012,9,Non Holiday,Tuesday,Working Day,Mist,62,56,87,35,371,3702,4073
628,2012-09-19,Fall,2012,9,Non Holiday,Wednesday,Working Day,Clear,55,54,53,21,788,6803,7591
629,2012-09-20,Fall,2012,9,Non Holiday,Thursday,Working Day,Clear,54,53,61,11,939,6781,7720
630,2012-09-21,Fall,2012,9,Non Holiday,Friday,Working Day,Clear,59,57,66,15,1250,6917,8167
631,2012-09-22,Fall,2012,9,Non Holiday,Saturday,Non-Working Day,Clear,65,61,64,28,2512,5883,8395
632,2012-09-23,Winter,2012,9,Non Holiday,Sunday,Non-Working Day,Clear,52,51,46,22,2454,5453,7907
633,2012-09-24,Winter,2012,9,Non Holiday,Monday,Working Day,Clear,51,50,49,14,1001,6435,7436
634,2012-09-25,Winter,2012,9,Non Holiday,Tuesday,Working Day,Clear,55,54,56,23,845,6693,7538
635,2012-09-26,Winter,2012,9,Non Holiday,Wednesday,Working Day,Clear,63,59,63,24,787,6946,7733
636,2012-09-27,Winter,2012,9,Non Holiday,Thursday,Working Day,Mist,65,60,69,13,751,6642,7393
637,2012-09-28,Winter,2012,9,Non Holiday,Friday,Working Day,Mist,61,58,69,16,1045,6370,7415
638,2012-09-29,Winter,2012,9,Non Holiday,Saturday,Non-Working Day,Clear,54,53,54,22,2589,5966,8555
639,2012-09-30,Winter,2012,9,Non Holiday,Sunday,Non-Working Day,Clear,52,51,58,13,2015,4874,6889
640,2012-10-01,Winter,2012,10,Non Holiday,Monday,Working Day,Mist,52,51,64,9,763,6015,6778
641,2012-10-02,Winter,2012,10,Non Holiday,Tuesday,Working Day,Light Precipitation,59,54,87,10,315,4324,4639
642,2012-10-03,Winter,2012,10,Non Holiday,Wednesday,Working Day,Mist,65,59,79,6,728,6844,7572
643,2012-10-04,Winter,2012,10,Non Holiday,Thursday,Working Day,Mist,65,60,72,11,891,6437,7328
644,2012-10-05,Winter,2012,10,Non Holiday,Friday,Working Day,Clear,61,58,62,10,1516,6640,8156
645,2012-10-06,Winter,2012,10,Non Holiday,Saturday,Non-Working Day,Clear,55,53,66,26,3031,4934,7965
646,2012-10-07,Winter,2012,10,Non Holiday,Sunday,Non-Working Day,Mist,41,41,70,14,781,2729,3510
647,2012-10-08,Winter,2012,10,Holiday,Monday,Non-Working Day,Mist,38,38,70,18,874,4604,5478
648,2012-10-09,Winter,2012,10,Non Holiday,Tuesday,Working Day,Mist,44,43,76,19,601,5791,6392
649,2012-10-10,Winter,2012,10,Non Holiday,Wednesday,Working Day,Clear,51,50,63,18,780,6911,7691
650,2012-10-11,Winter,2012,10,Non Holiday,Thursday,Working Day,Clear,43,43,46,18,834,6736,7570
651,2012-10-12,Winter,2012,10,Non Holiday,Friday,Working Day,Clear,43,43,53,23,1060,6222,7282
652,2012-10-13,Winter,2012,10,Non Holiday,Saturday,Non-Working Day,Clear,39,39,49,14,2252,4857,7109
653,2012-10-14,Winter,2012,10,Non Holiday,Sunday,Non-Working Day,Clear,52,50,64,27,2080,4559,6639
654,2012-10-15,Winter,2012,10,Non Holiday,Monday,Working Day,Mist,56,53,70,29,760,5115,5875
655,2012-10-16,Winter,2012,10,Non Holiday,Tuesday,Working Day,Clear,46,46,55,18,922,6612,7534
656,2012-10-17,Winter,2012,10,Non Holiday,Wednesday,Working Day,Clear,45,45,69,10,979,6482,7461
657,2012-10-18,Winter,2012,10,Non Holiday,Thursday,Working Day,Mist,52,51,72,23,1008,6501,7509
658,2012-10-19,Winter,2012,10,Non Holiday,Friday,Working Day,Mist,56,53,81,13,753,4671,5424
659,2012-10-20,Winter,2012,10,Non Holiday,Saturday,Non-Working Day,Clear,48,47,57,11,2806,5284,8090
660,2012-10-21,Winter,2012,10,Non Holiday,Sunday,Non-Working Day,Clear,46,45,51,16,2132,4692,6824
661,2012-10-22,Winter,2012,10,Non Holiday,Monday,Working Day,Clear,48,48,56,8,830,6228,7058
662,2012-10-23,Winter,2012,10,Non Holiday,Tuesday,Working Day,Clear,54,53,64,9,841,6625,7466
663,2012-10-24,Winter,2012,10,Non Holiday,Wednesday,Working Day,Clear,58,55,63,7,795,6898,7693
664,2012-10-25,Winter,2012,10,Non Holiday,Thursday,Working Day,Mist,55,52,80,12,875,6484,7359
665,2012-10-26,Winter,2012,10,Non Holiday,Friday,Working Day,Mist,54,52,80,13,1182,6262,7444
666,2012-10-27,Winter,2012,10,Non Holiday,Saturday,Non-Working Day,Mist,53,51,72,23,2643,5209,7852
667,2012-10-28,Winter,2012,10,Non Holiday,Sunday,Non-Working Day,Mist,47,46,69,39,998,3461,4459
668,2012-10-29,Winter,2012,10,Non Holiday,Monday,Working Day,Light Precipitation,44,43,88,35,2,20,22
669,2012-10-30,Winter,2012,10,Non Holiday,Tuesday,Working Day,Mist,31,30,82,21,87,1009,1096
670,2012-10-31,Winter,2012,10,Non Holiday,Wednesday,Working Day,Mist,35,36,66,16,419,5147,5566
671,2012-11-01,Winter,2012,11,Non Holiday,Thursday,Working Day,Mist,36,36,58,15,466,5520,5986
672,2012-11-02,Winter,2012,11,Non Holiday,Friday,Working Day,Clear,35,35,52,26,618,5229,5847
673,2012-11-03,Winter,2012,11,Non Holiday,Saturday,Non-Working Day,Mist,34,32,49,27,1029,4109,5138
674,2012-11-04,Winter,2012,11,Non Holiday,Sunday,Non-Working Day,Clear,32,32,53,17,1201,3906,5107
675,2012-11-05,Winter,2012,11,Non Holiday,Monday,Working Day,Clear,31,30,49,23,378,4881,5259
676,2012-11-06,Winter,2012,11,Non Holiday,Tuesday,Working Day,Clear,28,28,56,17,466,5220,5686
677,2012-11-07,Winter,2012,11,Non Holiday,Wednesday,Working Day,Mist,29,27,54,30,326,4709,5035
678,2012-11-08,Winter,2012,11,Non Holiday,Thursday,Working Day,Clear,35,34,33,34,340,4975,5315
679,2012-11-09,Winter,2012,11,Non Holiday,Friday,Working Day,Clear,36,35,54,21,709,5283,5992
680,2012-11-10,Winter,2012,11,Non Holiday,Saturday,Non-Working Day,Clear,38,39,64,5,2090,4446,6536
681,2012-11-11,Winter,2012,11,Non Holiday,Sunday,Non-Working Day,Clear,42,42,65,12,2290,4562,6852
682,2012-11-12,Winter,2012,11,Holiday,Monday,Non-Working Day,Clear,48,47,74,17,1097,5172,6269
683,2012-11-13,Winter,2012,11,Non Holiday,Tuesday,Working Day,Mist,34,32,66,34,327,3767,4094
684,2012-11-14,Winter,2012,11,Non Holiday,Wednesday,Working Day,Clear,28,28,55,19,373,5122,5495
685,2012-11-15,Winter,2012,11,Non Holiday,Thursday,Working Day,Mist,32,32,62,15,320,5125,5445
686,2012-11-16,Winter,2012,11,Non Holiday,Friday,Working Day,Clear,34,34,52,17,484,5214,5698
687,2012-11-17,Winter,2012,11,Non Holiday,Saturday,Non-Working Day,Clear,32,32,54,17,1313,4316,5629
688,2012-11-18,Winter,2012,11,Non Holiday,Sunday,Non-Working Day,Clear,34,33,69,22,922,3747,4669
689,2012-11-19,Winter,2012,11,Non Holiday,Monday,Working Day,Mist,38,37,62,23,449,5050,5499
690,2012-11-20,Winter,2012,11,Non Holiday,Tuesday,Working Day,Mist,37,38,68,8,534,5100,5634
691,2012-11-21,Winter,2012,11,Non Holiday,Wednesday,Working Day,Clear,35,36,61,10,615,4531,5146
692,2012-11-22,Winter,2012,11,Holiday,Thursday,Non-Working Day,Clear,34,35,58,5,955,1470,2425
693,2012-11-23,Winter,2012,11,Non Holiday,Friday,Working Day,Clear,36,37,56,14,1603,2307,3910
694,2012-11-24,Winter,2012,11,Non Holiday,Saturday,Non-Working Day,Clear,27,24,40,37,532,1745,2277
695,2012-11-25,Winter,2012,11,Non Holiday,Sunday,Non-Working Day,Clear,24,25,46,15,309,2115,2424
696,2012-11-26,Winter,2012,11,Non Holiday,Monday,Working Day,Clear,31,33,53,4,337,4750,5087
697,2012-11-27,Winter,2012,11,Non Holiday,Tuesday,Working Day,Mist,29,28,78,23,123,3836,3959
698,2012-11-28,Winter,2012,11,Non Holiday,Wednesday,Working Day,Clear,29,28,50,21,198,5062,5260
699,2012-11-29,Winter,2012,11,Non Holiday,Thursday,Working Day,Clear,28,29,55,11,243,5080,5323
700,2012-11-30,Winter,2012,11,Non Holiday,Friday,Working Day,Clear,29,32,64,5,362,5306,5668
701,2012-12-01,Winter,2012,12,Non Holiday,Saturday,Non-Working Day,Mist,29,31,80,5,951,4240,5191
702,2012-12-02,Winter,2012,12,Non Holiday,Sunday,Non-Working Day,Mist,34,35,82,12,892,3757,4649
703,2012-12-03,Winter,2012,12,Non Holiday,Monday,Working Day,Clear,45,45,76,8,555,5679,6234
704,2012-12-04,Winter,2012,12,Non Holiday,Tuesday,Working Day,Clear,47,46,73,17,551,6055,6606
705,2012-12-05,Winter,2012,12,Non Holiday,Wednesday,Working Day,Clear,43,42,48,32,331,5398,5729
706,2012-12-06,Winter,2012,12,Non Holiday,Thursday,Working Day,Clear,25,25,50,17,340,5035,5375
707,2012-12-07,Winter,2012,12,Non Holiday,Friday,Working Day,Mist,32,32,76,13,349,4659,5008
708,2012-12-08,Winter,2012,12,Non Holiday,Saturday,Non-Working Day,Mist,38,38,91,10,1153,4429,5582
709,2012-12-09,Winter,2012,12,Non Holiday,Sunday,Non-Working Day,Mist,38,39,90,15,441,2787,3228
710,2012-12-10,Winter,2012,12,Non Holiday,Monday,Working Day,Mist,43,43,92,19,329,4841,5170
711,2012-12-11,Winter,2012,12,Non Holiday,Tuesday,Working Day,Mist,35,33,59,29,282,5219,5501
712,2012-12-12,Winter,2012,12,Non Holiday,Wednesday,Working Day,Mist,29,29,53,16,310,5009,5319
713,2012-12-13,Winter,2012,12,Non Holiday,Thursday,Working Day,Clear,29,29,48,17,425,5107,5532
714,2012-12-14,Winter,2012,12,Non Holiday,Friday,Working Day,Clear,28,29,64,13,429,5182,5611
715,2012-12-15,Winter,2012,12,Non Holiday,Saturday,Non-Working Day,Clear,32,33,65,10,767,4280,5047
716,2012-12-16,Winter,2012,12,Non Holiday,Sunday,Non-Working Day,Mist,36,36,83,10,538,3248,3786
717,2012-12-17,Winter,2012,12,Non Holiday,Monday,Working Day,Mist,39,40,90,9,212,4373,4585
718,2012-12-18,Winter,2012,12,Non Holiday,Tuesday,Working Day,Clear,41,40,66,22,433,5124,5557
719,2012-12-19,Winter,2012,12,Non Holiday,Wednesday,Working Day,Clear,33,34,62,18,333,4934,5267
720,2012-12-20,Winter,2012,12,Non Holiday,Thursday,Working Day,Mist,33,33,66,13,314,3814,4128
721,2012-12-21,Spring,2012,12,Non Holiday,Friday,Working Day,Mist,32,30,55,37,221,3402,3623
722,2012-12-22,Spring,2012,12,Non Holiday,Saturday,Non-Working Day,Clear,26,23,44,40,205,1544,1749
723,2012-12-23,Spring,2012,12,Non Holiday,Sunday,Non-Working Day,Clear,24,25,51,13,408,1379,1787
724,2012-12-24,Spring,2012,12,Non Holiday,Monday,Working Day,Mist,23,25,79,7,174,746,920
725,2012-12-25,Spring,2012,12,Holiday,Tuesday,Non-Working Day,Mist,29,29,73,16,440,573,1013
726,2012-12-26,Spring,2012,12,Non Holiday,Wednesday,Working Day,Light Precipitation,24,22,82,31,9,432,441
727,2012-12-27,Spring,2012,12,Non Holiday,Thursday,Working Day,Mist,25,22,65,35,247,1867,2114
728,2012-12-28,Spring,2012,12,Non Holiday,Friday,Working Day,Mist,25,25,59,15,644,2451,3095
729,2012-12-29,Spring,2012,12,Non Holiday,Saturday,Non-Working Day,Mist,25,24,75,12,159,1182,1341
730,2012-12-30,Spring,2012,12,Non Holiday,Sunday,Non-Working Day,Clear,25,23,48,35,364,1432,1796
731,2012-12-31,Spring,2012,12,Non Holiday,Monday,Working Day,Mist,21,22,57,15,439,2290,2729
